{
	"formatVersion": 1,
	"appVersion": "0.48.7",
	"files": [
		{
			"isClone": false,
			"noteId": "akFZ8jK9HJMv",
			"notePath": [
				"akFZ8jK9HJMv"
			],
			"title": "Closeout Template",
			"notePosition": 21,
			"prefix": null,
			"isExpanded": false,
			"type": "text",
			"mime": "text/html",
			"attributes": [
				{
					"type": "relation",
					"name": "internalLink",
					"value": "58F6s6mLM2Gs",
					"isInheritable": false,
					"position": 1
				},
				{
					"type": "relation",
					"name": "internalLink",
					"value": "LCGVhekAZCvx",
					"isInheritable": false,
					"position": 2
				},
				{
					"type": "relation",
					"name": "internalLink",
					"value": "zIHopAksQ4jA",
					"isInheritable": false,
					"position": 3
				},
				{
					"type": "label",
					"name": "iconClass",
					"value": "bx bxs-door-open",
					"isInheritable": false,
					"position": 10
				},
				{
					"type": "label",
					"name": "viewType",
					"value": "grid",
					"isInheritable": false,
					"position": 20
				},
				{
					"type": "label",
					"name": "archived",
					"value": "",
					"isInheritable": false,
					"position": 30
				}
			],
			"format": "html",
			"dataFileName": "Closeout Template.html",
			"dirFileName": "Closeout Template",
			"children": [
				{
					"isClone": false,
					"noteId": "58F6s6mLM2Gs",
					"notePath": [
						"akFZ8jK9HJMv",
						"58F6s6mLM2Gs"
					],
					"title": "Start here - First 30 days",
					"notePosition": 31,
					"prefix": null,
					"isExpanded": true,
					"type": "text",
					"mime": "text/html",
					"attributes": [
						{
							"type": "relation",
							"name": "internalLink",
							"value": "lpr2zkDQdT3G",
							"isInheritable": false,
							"position": 4
						},
						{
							"type": "label",
							"name": "iconClass",
							"value": "bx bxs-flag-alt",
							"isInheritable": false,
							"position": 6
						},
						{
							"type": "relation",
							"name": "internalLink",
							"value": "VSImqv6cGeLy",
							"isInheritable": false,
							"position": 11
						},
						{
							"type": "relation",
							"name": "internalLink",
							"value": "plFfOIC9Sqz3",
							"isInheritable": false,
							"position": 12
						},
						{
							"type": "relation",
							"name": "internalLink",
							"value": "LCGVhekAZCvx",
							"isInheritable": false,
							"position": 13
						},
						{
							"type": "relation",
							"name": "internalLink",
							"value": "Z2zts45ZbVr0",
							"isInheritable": false,
							"position": 14
						},
						{
							"type": "relation",
							"name": "internalLink",
							"value": "zx0cERWz3Ht8",
							"isInheritable": false,
							"position": 15
						}
					],
					"format": "html",
					"dataFileName": "Start here - First 30 days.html"
				},
				{
					"isClone": false,
					"noteId": "LCGVhekAZCvx",
					"notePath": [
						"akFZ8jK9HJMv",
						"LCGVhekAZCvx"
					],
					"title": "Next few months",
					"notePosition": 41,
					"prefix": null,
					"isExpanded": false,
					"type": "text",
					"mime": "text/html",
					"attributes": [
						{
							"type": "relation",
							"name": "internalLink",
							"value": "kijNLhpmtLWW",
							"isInheritable": false,
							"position": 1
						},
						{
							"type": "relation",
							"name": "internalLink",
							"value": "65prf2eo3hpP",
							"isInheritable": false,
							"position": 2
						},
						{
							"type": "relation",
							"name": "internalLink",
							"value": "nvZFpq2YVgTk",
							"isInheritable": false,
							"position": 4
						},
						{
							"type": "relation",
							"name": "internalLink",
							"value": "IAWQmsxdtkj4",
							"isInheritable": false,
							"position": 5
						},
						{
							"type": "label",
							"name": "iconClass",
							"value": "bx bx-trip",
							"isInheritable": false,
							"position": 6
						},
						{
							"type": "relation",
							"name": "internalLink",
							"value": "sI4SEJdoZcfa",
							"isInheritable": false,
							"position": 7
						}
					],
					"format": "html",
					"dataFileName": "Next few months.html"
				},
				{
					"isClone": false,
					"noteId": "zIHopAksQ4jA",
					"notePath": [
						"akFZ8jK9HJMv",
						"zIHopAksQ4jA"
					],
					"title": "Misc Pointers",
					"notePosition": 51,
					"prefix": null,
					"isExpanded": true,
					"type": "text",
					"mime": "text/html",
					"attributes": [
						{
							"type": "label",
							"name": "iconClass",
							"value": "bx bxs-bulb",
							"isInheritable": false,
							"position": 1
						}
					],
					"format": "html",
					"dataFileName": "Misc Pointers.html",
					"dirFileName": "Misc Pointers",
					"children": [
						{
							"isClone": false,
							"noteId": "kijNLhpmtLWW",
							"notePath": [
								"akFZ8jK9HJMv",
								"zIHopAksQ4jA",
								"kijNLhpmtLWW"
							],
							"title": "Managing Finances",
							"notePosition": 0,
							"prefix": null,
							"isExpanded": false,
							"type": "text",
							"mime": "text/html",
							"attributes": [
								{
									"type": "relation",
									"name": "internalLink",
									"value": "nvZFpq2YVgTk",
									"isInheritable": false,
									"position": 1
								},
								{
									"type": "label",
									"name": "iconClass",
									"value": "bx bxs-dollar-circle",
									"isInheritable": false,
									"position": 2
								}
							],
							"format": "html",
							"dataFileName": "Managing Finances.html",
							"dirFileName": "Managing Finances",
							"children": [
								{
									"isClone": false,
									"noteId": "nvZFpq2YVgTk",
									"notePath": [
										"akFZ8jK9HJMv",
										"zIHopAksQ4jA",
										"kijNLhpmtLWW",
										"nvZFpq2YVgTk"
									],
									"title": "Tax Filing",
									"notePosition": 1,
									"prefix": null,
									"isExpanded": false,
									"type": "text",
									"mime": "text/html",
									"attributes": [
										{
											"type": "relation",
											"name": "internalLink",
											"value": "lpr2zkDQdT3G",
											"isInheritable": false,
											"position": 1
										}
									],
									"format": "html",
									"dataFileName": "Tax Filing.html",
									"dirFileName": "Tax Filing",
									"children": [
										{
											"isClone": false,
											"noteId": "whftdXTn3CiQ",
											"notePath": [
												"akFZ8jK9HJMv",
												"zIHopAksQ4jA",
												"kijNLhpmtLWW",
												"nvZFpq2YVgTk",
												"whftdXTn3CiQ"
											],
											"title": "US Taxes",
											"notePosition": 1,
											"prefix": null,
											"isExpanded": false,
											"type": "text",
											"mime": "text/html",
											"attributes": [],
											"format": "html",
											"dataFileName": "US Taxes.html"
										}
									]
								},
								{
									"isClone": false,
									"noteId": "zx0cERWz3Ht8",
									"notePath": [
										"akFZ8jK9HJMv",
										"zIHopAksQ4jA",
										"kijNLhpmtLWW",
										"zx0cERWz3Ht8"
									],
									"title": "Credit card Accounts",
									"notePosition": 11,
									"prefix": null,
									"isExpanded": false,
									"type": "text",
									"mime": "text/html",
									"attributes": [
										{
											"type": "label",
											"name": "iconClass",
											"value": "bx bxs-credit-card",
											"isInheritable": false,
											"position": 1
										}
									],
									"format": "html",
									"dataFileName": "Credit card Accounts.html"
								}
							]
						},
						{
							"isClone": false,
							"noteId": "2cE8Qojmh9F3",
							"notePath": [
								"akFZ8jK9HJMv",
								"zIHopAksQ4jA",
								"2cE8Qojmh9F3"
							],
							"title": "Insurance",
							"notePosition": 10,
							"prefix": null,
							"isExpanded": false,
							"type": "text",
							"mime": "text/html",
							"attributes": [
								{
									"type": "label",
									"name": "iconClass",
									"value": "bx bxs-donate-heart",
									"isInheritable": false,
									"position": 1
								}
							],
							"format": "html",
							"dirFileName": "Insurance",
							"children": [
								{
									"isClone": false,
									"noteId": "VSImqv6cGeLy",
									"notePath": [
										"akFZ8jK9HJMv",
										"zIHopAksQ4jA",
										"2cE8Qojmh9F3",
										"VSImqv6cGeLy"
									],
									"title": "Life Insurance",
									"notePosition": 1,
									"prefix": null,
									"isExpanded": false,
									"type": "text",
									"mime": "text/html",
									"attributes": [],
									"format": "html",
									"dataFileName": "Life Insurance.html"
								},
								{
									"isClone": false,
									"noteId": "mwrJYF5MJJAw",
									"notePath": [
										"akFZ8jK9HJMv",
										"zIHopAksQ4jA",
										"2cE8Qojmh9F3",
										"mwrJYF5MJJAw"
									],
									"title": "Auto Insurance",
									"notePosition": 11,
									"prefix": null,
									"isExpanded": false,
									"type": "text",
									"mime": "text/html",
									"attributes": [
										{
											"type": "label",
											"name": "iconClass",
											"value": "bx bx-car",
											"isInheritable": false,
											"position": 1
										}
									],
									"format": "html",
									"dataFileName": "Auto Insurance.html"
								},
								{
									"isClone": false,
									"noteId": "plFfOIC9Sqz3",
									"notePath": [
										"akFZ8jK9HJMv",
										"zIHopAksQ4jA",
										"2cE8Qojmh9F3",
										"plFfOIC9Sqz3"
									],
									"title": "Health Insurance",
									"notePosition": 21,
									"prefix": null,
									"isExpanded": false,
									"type": "text",
									"mime": "text/html",
									"attributes": [
										{
											"type": "label",
											"name": "iconClass",
											"value": "bx bxs-heart",
											"isInheritable": false,
											"position": 1
										}
									],
									"format": "html",
									"dataFileName": "Health Insurance.html"
								}
							]
						},
						{
							"isClone": false,
							"noteId": "NRoh4NP6vDo8",
							"notePath": [
								"akFZ8jK9HJMv",
								"zIHopAksQ4jA",
								"NRoh4NP6vDo8"
							],
							"title": "Digital Accounts",
							"notePosition": 20,
							"prefix": null,
							"isExpanded": false,
							"type": "text",
							"mime": "text/html",
							"attributes": [
								{
									"type": "label",
									"name": "iconClass",
									"value": "bx bxs-user-account",
									"isInheritable": false,
									"position": 1
								}
							],
							"format": "html",
							"dataFileName": "Digital Accounts.html"
						},
						{
							"isClone": false,
							"noteId": "lpr2zkDQdT3G",
							"notePath": [
								"akFZ8jK9HJMv",
								"zIHopAksQ4jA",
								"lpr2zkDQdT3G"
							],
							"title": "What is where?",
							"notePosition": 30,
							"prefix": null,
							"isExpanded": false,
							"type": "text",
							"mime": "text/html",
							"attributes": [
								{
									"type": "label",
									"name": "iconClass",
									"value": "bx bx-question-mark",
									"isInheritable": false,
									"position": 1
								}
							],
							"format": "html",
							"dataFileName": "What is where.html"
						},
						{
							"isClone": false,
							"noteId": "sI4SEJdoZcfa",
							"notePath": [
								"akFZ8jK9HJMv",
								"zIHopAksQ4jA",
								"sI4SEJdoZcfa"
							],
							"title": "Assets and Liabilities",
							"notePosition": 40,
							"prefix": null,
							"isExpanded": false,
							"type": "text",
							"mime": "text/html",
							"attributes": [],
							"format": "html",
							"dataFileName": "Assets and Liabilities.html",
							"dirFileName": "Assets and Liabilities",
							"children": [
								{
									"isClone": false,
									"noteId": "Y9I3Oup0yGTC",
									"notePath": [
										"akFZ8jK9HJMv",
										"zIHopAksQ4jA",
										"sI4SEJdoZcfa",
										"Y9I3Oup0yGTC"
									],
									"title": "new note",
									"notePosition": 10,
									"prefix": null,
									"isExpanded": false,
									"type": "text",
									"mime": "text/html",
									"attributes": [],
									"format": "html",
									"dataFileName": "new note.html"
								}
							]
						},
						{
							"isClone": false,
							"noteId": "65prf2eo3hpP",
							"notePath": [
								"akFZ8jK9HJMv",
								"zIHopAksQ4jA",
								"65prf2eo3hpP"
							],
							"title": "Employment Benefits",
							"notePosition": 80,
							"prefix": null,
							"isExpanded": false,
							"type": "text",
							"mime": "text/html",
							"attributes": [
								{
									"type": "label",
									"name": "iconClass",
									"value": "bx bx-money",
									"isInheritable": false,
									"position": 1
								}
							],
							"format": "html",
							"dataFileName": "Employment Benefits.html"
						},
						{
							"isClone": false,
							"noteId": "Z2zts45ZbVr0",
							"notePath": [
								"akFZ8jK9HJMv",
								"zIHopAksQ4jA",
								"Z2zts45ZbVr0"
							],
							"title": "Points of Contact",
							"notePosition": 90,
							"prefix": null,
							"isExpanded": false,
							"type": "text",
							"mime": "text/html",
							"attributes": [
								{
									"type": "label",
									"name": "iconClass",
									"value": "bx bxs-brain",
									"isInheritable": false,
									"position": 1
								}
							],
							"format": "html",
							"dataFileName": "Points of Contact.html"
						},
						{
							"isClone": false,
							"noteId": "o9a6m9l3FhZe",
							"notePath": [
								"akFZ8jK9HJMv",
								"zIHopAksQ4jA",
								"o9a6m9l3FhZe"
							],
							"title": "Tech notes",
							"notePosition": 100,
							"prefix": null,
							"isExpanded": false,
							"type": "text",
							"mime": "text/html",
							"attributes": [
								{
									"type": "label",
									"name": "iconClass",
									"value": "bx bx-devices",
									"isInheritable": false,
									"position": 1
								}
							],
							"format": "html",
							"dataFileName": "Tech notes.html"
						},
						{
							"isClone": false,
							"noteId": "zS4cFCfvLHqC",
							"notePath": [
								"akFZ8jK9HJMv",
								"zIHopAksQ4jA",
								"zS4cFCfvLHqC"
							],
							"title": "Utilities",
							"notePosition": 60,
							"prefix": null,
							"isExpanded": false,
							"type": "text",
							"mime": "text/html",
							"attributes": [],
							"format": "html",
							"dirFileName": "Utilities",
							"children": [
								{
									"isClone": false,
									"noteId": "IAWQmsxdtkj4",
									"notePath": [
										"akFZ8jK9HJMv",
										"zIHopAksQ4jA",
										"zS4cFCfvLHqC",
										"IAWQmsxdtkj4"
									],
									"title": "Phone lines",
									"notePosition": 0,
									"prefix": null,
									"isExpanded": false,
									"type": "text",
									"mime": "text/html",
									"attributes": [
										{
											"type": "label",
											"name": "iconClass",
											"value": "bx bxs-phone",
											"isInheritable": false,
											"position": 1
										}
									],
									"format": "html",
									"dataFileName": "Phone lines.html"
								},
								{
									"isClone": false,
									"noteId": "xk7E5Emqv46l",
									"notePath": [
										"akFZ8jK9HJMv",
										"zIHopAksQ4jA",
										"zS4cFCfvLHqC",
										"xk7E5Emqv46l"
									],
									"title": "Internet",
									"notePosition": 10,
									"prefix": null,
									"isExpanded": false,
									"type": "text",
									"mime": "text/html",
									"attributes": [
										{
											"type": "label",
											"name": "iconClass",
											"value": "bx bx-wifi",
											"isInheritable": false,
											"position": 1
										}
									],
									"format": "html",
									"dataFileName": "Internet.html"
								},
								{
									"isClone": false,
									"noteId": "vbhUdc4NaiBD",
									"notePath": [
										"akFZ8jK9HJMv",
										"zIHopAksQ4jA",
										"zS4cFCfvLHqC",
										"vbhUdc4NaiBD"
									],
									"title": "Water",
									"notePosition": 20,
									"prefix": null,
									"isExpanded": false,
									"type": "text",
									"mime": "text/html",
									"attributes": [
										{
											"type": "label",
											"name": "iconClass",
											"value": "bx bx-water",
											"isInheritable": false,
											"position": 1
										}
									],
									"format": "html",
									"dataFileName": "Water.html"
								},
								{
									"isClone": false,
									"noteId": "hOelL9PmfOvg",
									"notePath": [
										"akFZ8jK9HJMv",
										"zIHopAksQ4jA",
										"zS4cFCfvLHqC",
										"hOelL9PmfOvg"
									],
									"title": "Electricity",
									"notePosition": 30,
									"prefix": null,
									"isExpanded": false,
									"type": "text",
									"mime": "text/html",
									"attributes": [
										{
											"type": "label",
											"name": "iconClass",
											"value": "bx bxs-cloud-lightning",
											"isInheritable": false,
											"position": 1
										}
									],
									"format": "html",
									"dataFileName": "Electricity.html"
								}
							]
						}
					]
				}
			]
		},
		{
			"noImport": true,
			"dataFileName": "navigation.html"
		},
		{
			"noImport": true,
			"dataFileName": "index.html"
		},
		{
			"noImport": true,
			"dataFileName": "style.css"
		}
	]
}